Model,Accuracy,Precision,Recall,F1 Score
Random Forest,0.99955,1.0,0.9554455445544554,0.9772151898734177
XGBoost,0.9996,0.9801980198019802,0.9801980198019802,0.9801980198019802
