Model,Precision,Recall,F1
Z-Score,0.0026425066062665155,0.013861386138613862,0.004438807863031071
Robust Z-Score,0.007525964577793387,0.1485148514851485,0.014325963421040065
Isolation Forest,0.01,0.009900990099009901,0.009950248756218905
LOF,0.002,0.0019801980198019802,0.001990049751243781
