Model,Precision,Recall,F1
Z-Score,0.0026425066062665155,0.013861386138613862,0.004438807863031071
Robust Z-Score,0.007525964577793387,0.1485148514851485,0.014325963421040065
Isolation Forest,0.013,0.01287128712871287,0.012935323383084577
LOF,0.008,0.007920792079207921,0.007960199004975124
