Model,Precision,Recall,F1
Z-Score,0.0026425066062665155,0.013861386138613862,0.004438807863031071
Robust Z-Score,0.007525964577793387,0.1485148514851485,0.014325963421040065
