Model,Precision,Recall,F1
Isolation Forest,0.7528081417263476,0.593063309181613,0.6634554695545295
LOF,0.625,0.04840242309062834,0.0898467644140668
