Model,Accuracy,Precision,Recall,F1
Random Forest,0.98555,0.986420135155059,0.98555,0.985720717917979
XGBoost,0.9963,0.9963070650262298,0.9963,0.9963024791998633
