Model,Accuracy,Precision,Recall,F1
Random Forest,0.99365,0.993647734852107,0.99365,0.9936486876558113
XGBoost,0.9941,0.9941010674712466,0.9941,0.9941004886900815
